{"cameraMode":{"drawMode":0,"name":"Shaded","section":"Shading Mode"},"sceneLighting":true,"audioPlay":false,"sceneViewState":{"showFog":true,"showMaterialUpdate":false,"showSkybox":false,"showFlares":true,"showImageEffects":true,"showParticleSystems":true},"in2DMode":false,"pivot":{"x":-7.9150800704956059,"y":0.13001811504364015,"z":-9.886411666870118},"rotation":{"x":0.1003219336271286,"y":0.013431571424007416,"z":-0.0013544305693358183,"w":0.994864284992218},"size":2.755291700363159,"orthographic":false}